"x","y","z"
1.96272304864464,20.3551802183563,-3.55343323593596
0.85541330620662,8.57871372584176,-0.721263373710777
0.760338125479507,7.89073268733752,-0.498893693537727
1.90406529133602,21.530939037379,-3.79401542829989
1.4618702375719,14.9663787609631,-2.66565797697428
1.05726564765382,8.46221387368124,0.865610191325142
2.61832850506748,14.5184383159859,2.56628834880155
-0.669110441864141,7.55508362130967,-0.384213883520186
0.0152535649749834,8.37602581804819,1.05889735056409
1.0920979288725,8.83673326038248,0.927008743785458
1.37689996723026,11.1441036371029,1.76004905810795
0.863029770920731,9.20776960955948,-1.47795714180904
1.02546264362045,8.99923382539328,-1.54214727441628
2.04276381426441,9.23300826519693,1.35333274880066
1.05179180299181,8.53689232786099,1.09042123709206
0.497948751010497,10.4577330318035,-1.84213797094485
3.11865100393997,40.7945525656036,5.71325920903885
0.987052573418935,9.01762550088184,-1.26397468819782
1.26802371241385,10.053118134001,-1.50626895055293
0.428537706978591,9.46310723440406,1.46549953673116
0.431219907305417,8.44955769890189,-0.889065806880839
0.532061342903019,8.38101848856419,0.897002450055602
1.02994528539106,8.23333293229662,-0.766982177925756
1.13125158159357,8.90230721067672,-1.15932192773681
2.16087733983914,15.1675295315659,2.64862611103785
1.34057885690939,10.8634943883635,1.71142020854927
1.67454936604883,15.2905570557168,2.67442997726859
1.44944613481817,25.6224665651414,-4.25739035440394
1.2172247417234,9.8699942062475,1.07712985570641
0.620103535642618,7.02143333562371,-0.453006034601036
1.51198952177693,19.3569557256369,3.45900273520163
1.17228335003187,7.94728913927949,-0.312807608214224
1.50770766877117,7.81037644652316,0.331843156606921
1.66758904968978,8.48556975942682,-0.655290689508013
1.22329218883958,12.3191339047198,-2.32120934919078
0.668189321638007,8.35157511420116,-0.8218919215954
1.44871678415376,7.83187625634093,0.585726091582346
0.27722957433288,8.33484132047636,0.522289885188889
1.21531854823674,11.1646758819914,1.84548686433608
2.08952674142065,20.1517533061856,-3.48581318421999
1.75967993368264,11.3716845003366,1.9560128815101
1.33150570909323,10.5837156748604,1.89418451750054
1.53982096319488,17.3276740607985,3.06826214178334
1.55325630640704,9.88351740518369,-1.01798308435492
0.387099433140006,11.2612938656196,-1.72456371174013
0.431625125915946,7.76367978841795,0.922194848313628
-0.323548962233171,7.05929113993558,-0.604013593846224
1.64535576071755,9.82645976332631,-1.12919967001193
1.93824698135458,13.9507300055518,-2.36609543858166
1.71676758023643,10.0124358572507,-1.81527011450362
2.20066348188255,16.2676807079268,2.82445357704058
1.13072842164484,7.82155505654034,1.0378904781261
0.78836081128016,6.81750793836159,0.532520577694182
1.93906863465074,11.2295080542616,-2.02690987912819
1.65501151583449,20.7119793562641,3.66358070763369
1.98439140825126,14.468832021889,2.46004296801903
-0.620354856936567,6.02084386528904,0.0424590173600954
1.31340991038912,10.2674230282063,1.72459875522334
1.75570177106906,15.1855394615208,2.73265522580613
0.588447242161962,8.27945799578498,1.17031108240581
0.726895191502528,7.92373472957345,-0.0844181638592738
2.26080486016336,22.6211090863357,-3.78902016304928
0.697822992231459,8.50922722334431,1.09543383279321
1.08395204301382,8.44020077479673,-0.751205204189134
0.82135800892229,9.82780755917493,1.44611276862612
0.595413623659229,6.28039666018889,0.281961137466137
0.938459354481064,10.7638838694385,1.89936478333141
2.1200828220084,12.3125564399412,2.12861511473726
1.43729950842596,8.16145403058398,1.03548483153662
0.86690586166831,10.9854361858421,1.91652289716225
1.72453847393406,9.32424484902512,-1.38859231846198
-1.00473025869663,6.31731548520086,0.177777004702182
0.950874268226189,12.1738779756836,2.06938608424083
1.45750026884207,8.83437973812411,1.10483012724266
2.22242230230234,11.6665464772281,-1.90827951001598
2.45193562458948,17.3420112448581,-2.90334813144668
1.51254834020596,24.8091076981311,-3.99797910263147
0.428467282812902,7.37574075169601,0.241295704816328
0.132461123392117,7.48149925473716,-0.300486708512948
0.317813964395381,7.57448922562277,-0.242379974325429
0.29886538778025,8.03759976899094,-1.15016556615352
1.2654915654781,16.8173944453276,-3.05138851810257
1.11806155077187,8.61141828408862,-1.12070294874631
1.09976264084723,8.9786255411963,0.696389643194843
0.552772347544577,7.315302790192,-0.161928826770675
1.29635396083198,11.532737591339,2.02524135151141
1.43594725119123,8.79320456384579,1.11099664233303
1.14419064102551,12.3386714530705,-2.16933216681127
0.965155356299445,9.25572699158871,1.39233938807511
2.39167409328789,9.46722059277699,-1.07297274476095
0.87960733106099,10.1583652174954,-1.67439134259711
0.853933393876913,7.10792610776945,0.452889576140242
0.661129741913896,7.59997453698326,0.179724971838732
1.97635116115131,9.8886846191058,1.3128753581793
1.33220691335291,12.8900922802322,2.20394456845126
1.15669483004886,7.84804546340391,0.860238533439918
0.713576399358816,10.084990587638,-1.86758090118564
1.85523238907361,22.3467444529963,-3.87178167219861
1.8713128028911,8.84849606570493,-1.08410521055438
0.43906314194355,18.6633540931222,-3.36169190014914
1.01485666847047,9.93106257521554,-1.36452654477994
3.06330887478759,35.1997778970284,-5.23859550215598
1.09249731724748,9.48110437964492,-1.01083141068689
1.67856337793472,12.6284914171779,-2.38706742411665
2.87068502410673,17.6630044013103,3.08970430192315
0.503299947109619,11.6113432752095,-2.24776218374841
-0.389476077125285,7.58924779275588,-0.0360255372075819
0.126943694356165,6.16919706808591,-0.0107505627144082
0.364526472240916,9.92877068383141,1.60193536099202
0.724903429379256,7.50792023018571,-0.100066147714307
0.55777005367234,7.35648187748135,0.900429252551362
0.330718247994212,7.2226790783771,0.109769690236193
1.06553310551812,11.3686571547272,-2.12656461178702
0.937488449692935,8.40764701827375,-0.822442386100004
0.0414446362087196,7.91918674872578,0.384582827751023
0.463056625415726,7.45915169281568,0.0385859282616947
1.12343185263244,9.22307857702484,1.44928416102653
1.47181140383593,12.6463880396573,-2.22332914991112
1.32197420359763,8.94659684768694,-1.28409790723607
0.13151720160092,6.62356038008884,0.208610293963837
1.65700076639362,7.35672319191846,-0.858757585241977
0.548139111943756,8.38422384818228,-1.10964360828451
1.78326976263111,7.78607335137925,-0.300553982941969
2.58779188989483,28.6952738441117,-4.52187226074684
1.511892518465,10.2583101730919,-1.34917015838732
0.749607427477553,7.39415598871561,0.529757570205989
1.74588168632417,13.9424987162008,2.4431602854856
0.90357694693628,9.64726540886256,1.36076772633337
0.174277048113414,7.61448471683823,0.733803558050808
2.14569753646782,13.1707239511514,2.17557838136419
1.15789370602944,15.437311423065,2.91139109761841
1.47160139467198,9.54124305672088,-1.4465206760876
0.924839267979094,7.11596042376282,0.389295751196911
-0.291882896750912,7.30851857123076,0.0128333112855457
1.10644733584217,8.49158277802269,-1.02384636787775
1.7189868109854,10.3907739068497,-1.54192387956625
0.0847308878164518,7.55543371854043,0.0365554132422626
1.07820164821049,9.10229243779633,1.33218791437335
0.93662258810977,7.37256816267181,0.304936906008736
1.14990293318746,9.1448269371275,-1.23910462186123
1.35644385480059,8.72994435294689,-1.04163264596059
0.710199707920881,9.2588057986108,-1.44696482369066
0.614211048359559,8.03742603419091,-0.716907838935027
0.107038806433123,7.47476404646831,-0.11436141394672
2.2388832613719,14.6014253687343,2.69870831845023
1.63626905728298,9.98346661557022,1.33918171576816
3.15680806056496,21.4976558510618,-3.6487607318264
1.31759513985638,11.5771122092293,-1.66759184170089
1.57080578381262,11.6195966646759,2.02458103430106
0.263793557194317,9.42398166701092,1.4535561796102
1.48623875797546,10.8996057490486,-2.06503741415618
1.82713614041009,20.2405267419902,-3.54523866142938
0.911983625192695,11.7429373434273,-2.07889972450822
1.65543289711235,10.183517805728,1.81028105658039
1.32486275795854,15.385209731581,2.64044221811444
2.18844052533142,22.6107012392811,3.64527733111311
2.70685869132049,11.9567871858135,-1.99473062495901
0.680184619803664,7.96010893828401,0.81890986472435
1.94397517774044,13.4483193122526,-2.39773177011272
-1.22358645992529,7.38240166971392,-0.0551966160896575
1.78720914999016,16.3755728898663,-2.86661813342307
0.613060755658734,8.49003860833189,-1.09714016588222
1.27290843264348,10.7153599875475,1.91216005714358
0.346071614429778,8.65942291885523,1.10338484928502
0.875924687124191,8.48320610558443,-0.611251018078484
2.253543230559,13.125342864556,-2.17195119587808
1.20417046582834,8.11410664162657,-0.71805092948111
1.62834360000376,28.982627371303,4.6266979054669
0.40281923687158,7.38399912638359,0.0417303672212289
1.8697706841337,8.5736237855734,0.896242812760576
2.25257467147817,13.277828381667,-2.22896137487481
2.53809534457693,33.4566631059226,-4.94519625110161
2.45678199373272,33.6314905582462,-5.07929400690776
1.48644418896536,10.365034592868,-1.46612615823626
1.45443838322879,17.8488029707976,-3.12675889750313
2.07623477305945,31.7103957811614,4.86662614256484
1.6267848242084,17.1663077306305,-3.03575011657511
1.8792271203699,12.7341316955711,2.20906079654433
1.9954266077307,13.0397340323032,-2.25892673441546
1.39520730136155,11.6015487399374,-2.05002088798077
0.586399913897832,7.85670714976247,0.633162245962888
1.78189593228919,12.1232548436023,2.24408519289804
0.485461631947969,7.7055012152909,-0.607819579853687
2.16798153115822,15.5329269157917,2.74293376860677
2.06824680288425,18.0494610768624,3.01060542491236
2.0269381483364,13.9635466215382,2.39904450392895
0.599169343354734,7.90907654664566,0.540224417438459
1.26299162489925,10.0532185562944,-1.21761129554796
1.26086553597181,9.90503103758634,1.42458447952959
0.621080854090249,8.62472422531457,-0.717804986585325
1.77764876186977,32.2994942717317,4.98408998204075
0.502347547216288,7.5515202426951,0.114373726282311
2.04627386517341,10.9677390222488,1.74055463864759
1.87251386579781,13.2341579556782,-2.28165284809468
0.949448416918198,13.0050050207624,2.28924943444747
0.0174200235413868,6.80041897089255,0.211322670300777
0.783501589397428,7.31694724146366,-0.576359481008788
1.71187998693221,8.90516096712735,-1.25403416111421
3.20407030932584,25.2522802254425,4.09598139325417
1.34678706521188,8.91253128705198,1.47269754674623
1.40246190730138,8.85651574708175,1.09781490903927
1.50599701300362,9.23593590176367,-1.5683320140476
0.667637225021696,7.8622861399276,-0.752731065760336
1.04681662243724,11.3466191332536,1.93510866592393
1.95175213951386,21.2960261473012,3.54978479732406
0.593644431714919,7.19219366665876,0.0654856614536085
1.12582178534638,7.36766341511767,0.687485724729687
1.43297882349082,8.67189138941837,-0.703905581971072
0.905981340276198,22.7945548836384,-3.84044567487901
1.10059700059319,16.2096456267524,-2.86402084331482
0.201490549094142,8.44652711808058,-0.9751809539109
1.81642566404357,16.2173816449188,2.86296603367383
1.96299705015374,12.8235921195845,-2.15871184441846
0.466765993177421,9.40737501898612,1.47745433693933
1.26898619527389,11.8779353035911,1.8548587915953
0.299375441616677,6.59189742793412,0.266450868011808
0.338162362420302,7.64304363484407,-0.390303824510701
1.49256881365392,15.1839861540493,-2.7823702852441
0.270816922138594,7.94014405258062,0.983759777515097
1.69609483233865,14.1094592413063,-2.62405755245165
1.61150900436365,10.4874173273107,1.44016579781301
1.4841864081842,13.6859389647157,-2.57922110086482
0.600402647087658,8.32708820019625,0.633243139010883
1.15293408389004,15.3421045022609,-2.70415235223587
1.99076395759512,18.5817740301528,-3.27640402382352
1.63152145709578,14.1202123406155,-2.65364653626371
2.55374313809006,30.542521005796,4.69844005081289
2.20305613603499,8.90056078259371,-0.893086710021117
1.4862356511431,12.4188105027072,-2.12978981240474
2.34568068195916,23.0479896495424,3.86306989061491
0.610827682298744,12.4010510635433,2.18885741323265
1.66420334527041,14.319301504942,2.39471619101436
1.73477665192997,11.5523594079107,-1.79980769389714
1.71577308996356,11.6526462604132,-2.11257203809393
0.691861937191845,9.88989156122544,-1.75244757633215
1.30450452939781,10.7428360757447,-2.02536935146448
0.561192572962211,8.59084464422073,0.886736036269141
0.495534844380782,7.17307590895783,0.619060244864304
1.82116278697858,16.6547487374479,-2.88384807651162
1.38342831855581,9.99149327179311,-1.40492727797948
0.882421645040047,9.08634429187424,1.46181909332748
0.529806043176015,10.5991971571415,1.88893114585645
1.43517483479672,12.0603296229354,2.095890352495
1.56624651899063,9.12296919153843,-0.642662927830231
1.53483658317253,16.8831664477063,-3.00317776342528
0.592241953354308,8.57310638493585,-0.717167017970397
1.52968412231854,8.35688042115701,0.996260647482794
1.23373526142427,8.45675697098858,-0.918212395781568
0.883751717121067,17.8060203353213,-3.22612861214899
1.47823936379102,8.29747264438909,-0.316705767702176
1.27520216631313,19.2753917657997,3.38820038038323
1.75317853211413,8.42168340254237,1.18657298612942
1.82105418698751,14.6554074623235,-2.61007933292248
-0.101354785941194,7.27736442480042,0.836402309630333
0.994667869111098,9.17482935223448,1.21947168020906
2.26025107268431,23.0300268208167,-3.90719783088755
2.19075670543184,11.0892300217086,-1.69307351430906
0.80186653869012,7.60084380125308,0.254669912318675
2.72062550049437,13.7126178055628,-2.39188220966788
0.944379661517345,6.96552479816716,-0.806772881736937
0.626288930016924,7.52179514263703,-0.418118379176549
2.08223267662428,29.0232953044712,4.53299560131235
2.33399045774059,10.5452361983182,-1.58387138570442
0.670180406384268,7.32026401731101,-0.107031339785657
1.20691732551718,8.55633740789899,-0.914616517933872
0.718376008683826,8.78456612791809,1.11101028091129
2.62817907830152,35.0949963260387,-5.14081603196654
0.291352382741279,7.50356352422765,0.357306883935009
0.990462671306122,8.23561481756215,-0.772594443114518
0.125771391088649,7.24908507712503,-0.177440622909717
0.345260893114078,7.86101859640749,-0.868997836494981
0.561583414315727,11.0265451288554,-1.8108639074565
0.417536319546071,6.85773683907865,-0.278667426191338
0.623986293652212,10.314259236373,-1.73658857879092
1.8448597375512,25.217909357599,4.08960747359296
0.117228218602565,7.09352799391667,-0.0762263298104095
1.6517850852942,11.7497883843947,1.90593523759594
0.0934752678038417,6.73813513974638,-0.123146574467655
0.0348545448562319,8.78858899989378,1.19912455574025
1.28098375560134,13.1889713501734,-2.3186417157422
1.27880848545763,20.0223718554789,-3.34406054902432
1.55808103745343,10.8341824735816,1.75061235789316
2.17378339175774,21.2228082451326,-3.64490637402584
0.875795477315943,7.38462033320302,-0.0569498982739088
2.7676734644998,36.1660079209866,-5.28636531252221
0.174255366781284,7.54593621146549,0.507336203593072
1.33470240204838,11.632788992868,-2.08884672536957
2.62140347127518,14.608093476692,-2.60340215553542
0.154938297998137,6.85797537303165,0.540598050779503
-0.123148033419767,6.96628803948175,-0.329115410932332
2.276916247262,30.1010698227259,4.63456151315697
-0.349604781933112,6.41261748664415,0.676362821986697
1.11713845584337,8.86368469591386,-0.927477979240967
0.62360918395005,6.97909536204774,0.334540795353075
0.829080272352772,6.92597876797259,-0.0569082908298856
1.38675479680893,7.97740710660052,1.04914566731529
-0.172378089774931,7.54646747655976,-0.686716396987741
1.78098188350059,13.8428313233207,-2.51974262915615
2.62063976468787,17.6595691021562,3.17750368973479
0.847855334921162,10.2440984693511,1.49438186965849
2.43509250389424,20.2478762673673,-3.44541749443084
2.10020838076271,34.0797971833258,5.11340622267938
1.80466515741175,17.6529348427427,3.08359125268139
2.00842395779559,16.7444020430511,2.88494061937148
0.280838002610905,9.31546097338844,-1.33969591527972
0.139775017347229,7.5614283101082,-0.0358341238255836
1.07425094587267,9.3113621495404,-0.90941184183528
0.545176613871927,8.00554469919813,-1.22259157754043
1.70361480585448,16.5298505265462,2.86634725962301
1.11162709298519,7.35408345991786,-0.0975193105968164
0.141058406214171,7.0617994679605,0.245873666061884
1.94666015236968,10.1900591330377,1.50796358583368
1.21533608475412,10.2946603186867,1.66314566676593
0.707664545972239,8.2871488357928,1.29167457857542
1.14913762328794,9.10971882024993,0.99525717634112
0.801641407217694,7.78181139197043,-0.634936920338818
1.22540868624065,16.1415011836896,2.84325656488657
1.42005086130373,8.680625786305,0.853640927942684
2.01098458684456,15.8200807249822,-2.8122654777477
1.05687475390094,8.15936422900658,-1.06660179921448
0.566918779833485,7.77145431994477,0.125511049317819
1.77602916837103,13.9050633401144,2.43956626928239
1.6483645373316,13.762599705194,-2.42256674564764
0.947486016379862,7.56253603861639,-0.764257907381736
0.787636297506205,7.6060457012438,0.644663574192625
0.756257336448372,8.15499287479562,0.811218532310403
1.34087011288189,8.83312774827644,0.359822372407969
-0.0262462962826064,7.4846332101033,0.123117741640192
1.60838785321529,12.4313515473084,-2.11541121517109
1.39328996206517,14.2062582785194,2.432567198791
1.69586918768117,15.5415108176412,2.95235674349167
0.921683892573711,7.91010956501821,1.0315055824526
2.04937010707476,29.8565824564113,-4.63840411760637
0.195437362428073,7.41347345111582,-0.502404626500318
2.03472467148525,14.7805273008141,-2.62070585060179
0.125408487719516,6.92137617192073,0.0531587555067359
1.99781402343352,31.5338830158207,-4.9010104022795
0.693681030265654,7.43176143823456,-0.854864925528515
0.757604520393604,7.30142714188813,0.450621829366895
-0.0374117666069909,8.5771747879406,1.01732368266604
1.18340468092529,8.20338527935527,1.13108087924649
1.45120609542913,10.8916588555619,-1.85268864816848
0.981353036591102,12.020030170627,2.26448638167855
1.19277227279816,9.44545928716477,1.22195408318913
1.97907466476471,44.5862393279381,-5.97615770688742
1.76845933174311,15.9539777334636,2.67950769453152
1.28278927030029,9.6055772306985,1.33264414477065
0.785318229899956,8.35255738898122,1.24743939448188
1.59241196592007,14.8872650184886,2.72356969433434
1.31835604732559,14.9373034334405,2.60904388189735
1.14023374896558,10.689822083447,1.77534051973629
1.79968987311632,12.0422263740188,1.92681571185144
0.887016579498469,7.16451376819856,-0.865889818863739
1.70476499803107,10.6239857515301,1.73011374140499
0.876600330536248,7.76992349186204,-1.00894080871269
1.81952723097621,24.3313036742063,4.08343123934291
0.550550787014259,7.33402054690412,-0.268309940534645
1.11585986405774,9.17004988458488,-1.21864348238744
0.438246432430553,12.0492635689048,-2.05993040911828
-0.234360112531424,7.45567518325142,-0.467478163283005
1.89722219276228,21.6513384850043,-3.73529341262471
2.0254808919106,12.9273420460613,-2.12755669435157
1.09218865794164,9.60675310489478,1.38915875515927
0.940953201434589,7.72165028401538,-0.328962247392895
1.10749638758244,7.39466580806712,-0.474152670868227
0.932328283993184,7.81201596422664,0.658246669986886
1.0240952434223,13.2204511152052,-2.1562917179227
1.8531966476878,16.5616245696573,2.91947276662272
1.70558217986853,9.59733732687806,-1.36538985204132
1.33825562240041,12.4262319390891,2.21479207090329
0.480324514002977,7.81077352178039,0.634407713238917
1.34754974629036,12.4584246843988,-2.23718383315587
0.794624748675171,9.0583045437177,0.536840350163571
0.329363759576951,9.10778147320218,1.32142631420454
1.84333885184576,14.5517099695343,2.63351311752623
2.3798255661346,26.164704721013,4.19697495475111
1.00465652541309,9.08972783709285,1.07877527303204
1.35966211995492,13.4498264594256,-2.32104124606775
0.773605014536421,6.95485157906727,0.304214265774899
2.04467295180365,15.5470074725886,-2.56653738326279
1.41324304582998,9.99364026380466,-1.39845482292243
-0.0149294548237224,7.79401949432708,-0.000850285471037904
1.67074349885484,13.6359571378,2.49252902806739
1.65068331767205,11.2337156456793,-1.90548879793641
1.08237336643379,17.1421797759123,-3.11924592280487
0.836559894777118,10.2562882364446,1.85439555212619
1.5048968410077,9.42115091225346,-1.33654991232256
1.43575904789345,23.3684073684765,-3.99556311703685
1.53152713942971,14.7863839713142,2.5065693776354
0.191967546447303,10.0220523203564,-1.57300023608202
1.27613815159492,15.2988872872952,-2.62905365745354
1.71395382162865,23.2995658796904,-3.94418260084005
0.916994330091442,14.4881918579441,-2.43985358953141
-0.238008579922061,7.36179689739855,-1.02856494510516
0.814631586443117,9.36469928984406,-1.56982763193354
2.47060423071049,17.2969640093158,-3.00472509552211
0.296349913185903,7.30657130716543,-0.320720599019093
2.35746471293821,19.0174674081782,-3.40101967171809
3.02026370119671,39.3327630835067,-5.52917019237697
0.781970732186537,11.2048611587327,-2.03926832643031
-0.270768428363946,6.90050078545119,-0.257278909293086
1.44127799188092,11.662272835779,-1.9113364036556
0.970630105545037,7.68631414841163,0.610151438373025
0.957007559281626,7.62574444270518,0.277050377180689
1.1434610003775,12.0155608167687,-1.96117358949086
0.971107548993688,8.78747747797689,-1.26125435216327
0.596312364556036,7.12649702216463,0.0380132096835104
0.86312506287753,7.25992024024173,0.344950533790173
2.43650990190045,13.3996196348863,-2.34701706672263
1.30925205083479,11.5444011920724,1.94601115316243
0.729874835651007,12.2056640040452,-1.98027425318599
0.163637603206738,8.24374484485163,-1.07038371633428
1.02279699245143,8.07504217675735,-0.581069254785529
0.636792197258949,8.40643781344359,1.04774680274287
1.40913564251766,9.2438080120526,-1.0284490225303
2.9940706601169,40.0512902689857,5.61182979301095
2.2539284178022,11.3120639608272,-1.40461027684728
2.68738692893641,22.5263312818278,-3.91502111500747
0.294837572838151,7.71255744839039,-0.950396724080468
1.34361913050618,12.3089688315358,-2.37824182653247
0.460845304341707,8.97420057099642,1.52557747140293
0.775755495602998,8.11330916708245,-0.583811513486806
1.28503312889183,13.2165915137726,2.38070709079762
1.38660979798531,9.27840905444627,1.36138246018623
1.62725348968142,27.4583126460109,4.51470821783465
1.07835126578342,7.37612719279605,-0.483253134403997
1.09850536988541,8.70301814966296,0.565926415012316
1.40614900829197,7.99776383832761,-0.986156486432589
1.80728479951373,8.26546900973813,-0.849772696857076
0.147498168999963,6.32417034764213,-0.209554671088851
0.782737473240758,11.3147702464948,1.76253387360202
2.01541603447749,17.1129623279494,3.0376377471786
1.36559348753106,8.33599670102758,-0.710270425668547
0.422643844293903,17.3296669133109,3.00554392402792
1.41893717991805,18.7577978847634,-3.27858543471587
2.01990989384596,17.1986615449553,3.17763314206313
1.27596971390307,8.53024834254601,1.06270515503989
1.22785785967619,10.7972891613644,-1.71099272675712
1.54453730220783,8.69053517016975,-1.00745857526735
1.53502594918695,9.99424246138075,1.58984826409033
1.41637842677036,15.2420967552385,-2.7828879489184
0.713895970811643,6.88094819964455,0.390910194192731
2.22358561339531,15.4769996363164,2.70356155614023
2.14133134024717,10.6910943470367,1.63249252714722
1.9353065347249,16.5910643497863,2.8745804580525
1.35666781777902,7.47631518849935,-0.163524884850629
0.767488977505371,7.46175390053743,-0.537637992536246
1.48691470281947,9.18868611456537,1.49383972831629
0.920660306152121,7.49045537416394,-0.458876166972831
1.23059445394139,9.57356253848929,-1.21780499587168
1.23579353132997,11.4785345102995,2.10453206109479
1.84439132082974,9.6150554390172,-1.15453161056598
0.967622307612111,9.06218892059838,0.715137175301107
0.526531087823261,9.97032852729566,1.63105072041399
0.689483149422812,7.49650239532874,1.14015748409126
1.75663870118023,9.48152260110418,-0.872051558241642
0.821474826491062,14.1850978056208,2.61222891266766
1.64819521409411,13.3048477866422,2.15512145836753
1.247325511814,7.19599293480877,0.89432972407372
0.803574984802077,16.1003525005094,2.9255515373011
0.826111596345437,7.60121332421895,0.322767160100281
0.85586385122312,10.2937188352486,-1.71517716909477
1.36990857280772,8.94839488949408,-1.25174875688735
0.138773183104278,7.1513188592842,-0.0286208478210763
0.445461709351297,7.53221438916851,-0.402970417607369
1.24953869690201,10.9023033614249,-1.85310659505683
2.80220569726767,24.7418068841179,-3.95742588560632
0.30740197103046,7.27952439968957,-0.190179697659768
1.2646069821602,9.61001594569899,-1.5383257274255
1.33762682504476,9.25813391664157,-0.565293132603553
1.26366710009645,9.94292317295288,-1.50640331954499
1.45963001267012,15.0028486609817,2.61994108695642
-0.560629391756825,7.62990731001033,-0.0993984259762953
1.43497174387315,14.649375445419,-2.60914806962428
1.46540048373583,15.8604622138677,2.79135392047796
0.467415578606767,12.309773799353,2.16433447695188
0.870961358786029,7.90860061566404,-0.898475811429589
1.40212992538942,8.50523702643022,-0.826150867102406
0.628071652600095,9.01290247424072,-1.24166686940458
1.29841567475175,13.4319496168849,-2.37574235757194
0.485062520477578,8.54270244871488,-1.18182391149415
0.134494703213467,9.33771664715664,1.40077489910925
1.26901486381145,12.6111793114482,2.24679310728098
1.76558213666947,9.94210547823375,1.6092148486009
2.31853518382608,31.6907323591284,4.85782382563075
2.42574801947529,11.9384052621022,2.11295544948219
-0.370848036838376,6.31244044197446,-0.294737283551949
1.8327717980745,24.8250432451792,-4.06505562580882
0.871720696125142,8.66974399884185,-0.762583846040917
0.510514885223627,8.18509552760627,-0.458832256728263
2.17995328640704,16.7086843094842,-2.98525211169957
2.08935491061307,23.9162767692754,3.8470392013075
0.754948735408821,10.2309753964274,1.65533020752874
0.49280598574367,7.31916559244737,-0.198819432055708
1.86459053827414,18.3577245257062,3.2847442565181
1.41676223081074,5.82095399164398,-0.291508567757895
1.02446385630642,8.40999184033155,-0.681029977736423
2.31651652542472,16.013896651404,-2.71052151892679
0.703511468075614,6.90092911796017,-0.491048373072125
1.1648828619177,11.1851664526429,1.78569410084367
1.00595435909055,15.3718698936143,2.84145013176042
2.21124209929431,32.0580393153901,-4.93364144272549
2.30564551638409,20.0985237365762,-3.35732378191386
0.876757317630676,8.94052648188397,0.932548715762752
2.65644988878331,12.7653682249856,-2.32560541033109
1.80870566235912,11.460590147863,-2.06899259405217
1.2374187333962,8.49282620366215,1.13632133355127
1.82059677976848,11.4516115364843,1.93774808560328
1.30369592659808,9.40556576965856,-1.30534515466652
2.07968619602492,20.4578764300421,-3.51170541143125
1.37169704419858,12.2520784748899,2.15297812115271
2.4631522549746,14.7603071379046,-2.54870872734117
0.592179637902123,8.64223923476806,-1.09941019820574
2.0047151570041,16.4970768847487,-2.84947537435858
2.0083417988776,9.28379796976729,-1.02165129854066
0.432055423383375,7.798475316522,0.812378101258565
1.02527106571575,8.98985993533862,-1.10858520589916
0.553928494554925,9.86902721170447,-1.69828187517025
0.891707076117915,7.80756898943068,0.614086519408068
1.47426789596717,12.0658443226764,-2.11674313088679
1.62074062414502,18.2687381840604,-3.21690276123156
0.390778467949665,8.17837351310539,-0.826700939756186
-0.110470222663255,6.60799202921531,0.228785389429748
1.6991098080933,9.8486070151878,-1.50431536535269
1.60229363056842,13.1245435659308,-2.08916739349888
0.00867276823419599,6.92232353301421,0.19515194818581
0.342623097407705,7.79080900553743,-0.0551454106665214
0.298750315234376,8.28684298504701,-1.28291174809081
0.648155766638102,6.55183141059137,-0.0923284658507992
2.6184026675843,18.162235043361,3.20323987639687
0.778995554368268,17.4542125204211,-3.16365058960143
1.21854863746582,10.0371309735244,-1.59166674610773
0.32653158056252,6.78381115467094,0.18648611831812
1.26463125330226,9.33495483528893,-1.47567195492292
1.19991655177163,9.62738335964939,-1.21288878391226
0.205036188438064,7.303692776471,0.282263706116318
1.14696850195508,8.98183294793712,-0.612879779696207
0.45199881242338,8.08214923826518,-0.73271497504808
0.846700771002345,8.09396519901341,-1.11664089961061
0.549353563919456,6.64355097414607,-0.266025355439806
1.33677848719612,9.28678651221378,-1.21976709328086
1.49306236629886,9.41503747787469,1.29612761531439
0.629527692391578,7.40655489917381,-0.701149013254782
0.264513972447309,7.22366177011946,0.104478569104098
0.510456687407765,7.20037862112354,0.000692325196575757
2.29655007220963,21.246524766551,-3.7032707788544
0.479765423290221,7.99411744920232,1.15303050866495
0.3061057476279,7.18119117957756,-0.325377539012178
0.803801163845903,8.15119932977861,-1.24511280771288
2.00828155964693,10.1335151645735,1.52106827844482
0.904773772464481,7.77560717541641,-0.578721254112411
0.466193289525703,8.22881071144235,0.861007188022626
0.826038625494434,10.4755096398849,-1.59857496822861
0.0126701418123227,7.48141127825241,0.268642867581099
2.13421142670206,21.1857157429979,-3.61654833733691
1.12000432833275,9.21346211355587,1.28024106460637
2.0306210154019,15.0395676920441,-2.58030644473833
0.0396722099050448,8.5617465769808,1.49463362903431
1.67258337637127,14.6774499964374,-2.61057499310603
1.69448825887969,20.3923816382914,3.59806903131731
1.48616859302759,9.37758935098219,1.0975136269076
1.56398999923079,22.9613188506776,3.89170668959059
0.48065763771873,8.13701506028849,0.701176726665943
1.50474933943347,10.973949056228,1.67882781620162
1.24185402295236,17.0073150851877,3.13968846491103
0.62889922542479,8.36664959797108,-0.690269929203655
1.4442202781022,16.7934205487419,2.87008491460134
1.50132948693116,7.83791200125124,0.516200189533353
2.01096693243502,11.0578519022274,-1.714594765617
1.27333263392666,7.44144729100477,-0.447675193135325
1.32612275884528,10.0063436465733,1.57575747165702
1.45456894539014,18.3699246230842,3.24853205063637
2.02570782907788,12.797832536882,1.98570308048411
1.1147884268273,8.89810840106931,-1.10245084745724
1.12504441446033,7.49587090406978,0.792426727598747
0.82271152593081,8.16918461885328,0.397013812007162
1.13885341364111,11.4711371652768,-1.95464349710439
0.602484024418943,11.3418650352686,-2.04983350157551
0.901932243805649,19.0615610179307,-3.42624159771105
1.1708855774505,11.3843214427812,-1.90761729932791
3.50685854219645,35.4639424332703,-5.12515793806534
1.60264484889821,10.1826710391224,-1.55322941158662
0.516454659374286,6.93902654248462,-0.0198313164247024
0.520251856665289,8.11594295635732,-0.120486182309456
0.971964390676795,7.5057779536056,0.985625558856129
1.52205491179295,13.3785465840415,-2.43144047762115
1.14219230357993,7.6447721166363,0.713411895908115
1.55953118128624,19.4766732951974,-3.39875391647538
0.736911097699688,7.36532949110152,0.691022548429169
0.421940711911677,9.18223802678895,1.51095627626963
1.28729959369305,11.2416173885462,1.91996613164697
0.456914356901964,6.89863568163781,0.528385143809546
1.00068143474454,8.73703897886589,-0.988316684177475
1.25038414344805,8.91169013123733,1.41422160070072
1.5360350558453,8.53259136041609,0.571728793735397
1.22519539509541,9.12265709007264,-1.25524068768403
1.49999699267496,9.35547383491597,-0.906939260023135
1.67215923675962,10.8040415248852,1.83564793631188
1.01599038847888,12.586171547792,2.28824267338827
0.37453738751175,8.54515430054086,1.22652780921955
0.644321283248653,8.69068947728492,1.06196068160623
0.93088360730424,8.08751635627821,-0.841549124197873
1.39207300089863,8.46641887884777,1.02312497409433
2.02029721812462,21.0578095301743,-3.64555203355445
1.49699731769736,14.7744474575294,2.72419301681881
1.5047235230502,8.93829697673656,1.31882622965413
0.169276025847212,7.35967459231431,-0.507978143427893
1.78521871399518,20.9618287413365,-3.54532367886292
0.479622609400231,7.99301771033177,-0.533994865195395
1.35311336081587,8.5710975757251,-0.693932245952146
1.45036111219062,9.82230698835263,1.15043633949173
0.14962424901356,6.46093624648234,-0.441697963083274
0.620939984659554,7.29157516002131,0.47407452158045
1.24782582976589,9.68904471485878,1.264092578302
1.28610688257308,7.80936419858694,-0.341269859455469
0.787640454036649,8.33121399892992,0.652843121298336
1.4113307491354,25.2332757141139,-4.20428035175625
1.34817175077321,9.35741277122561,-0.790549514926414
0.983726471376506,13.5814036273519,2.31388770347153
1.04364207542576,8.53113946314003,0.445270650436092
1.19637164746202,8.40278794218738,-0.39206707162584
2.8906529066978,33.5203083944114,5.03419790288236
1.73455795627012,11.9302343951049,1.71640292502752
1.10260469884297,10.4779673893136,-1.7745523553392
1.42221614448558,10.9630444850974,1.85855835309959
1.61177721806686,9.79929486489201,1.58489062274931
-0.284215454295581,7.06485587921863,0.175659242277247
1.8845790992671,19.0478357015316,-3.20465983149259
2.11646622529427,17.1991502051682,-3.02079594151437
0.605061938377897,7.87557390802125,-0.35801878010982
0.307775860738354,9.00841412901735,0.936526887413769
1.1664295243983,12.1164404376943,-2.29179969525025
1.57697188696198,9.72490545295603,-1.26309302284122
1.85816598284678,12.3880749531971,-2.32290097755697
1.38550307776306,16.2578106060655,2.79895391398103
-0.241828058191255,7.10296538653814,-0.286393921355504
2.33390840732865,9.87230492204309,1.44150923953839
1.58962604801553,9.29068010616673,1.32903470149442
1.61110179891202,10.6191012882279,-1.6245903793137
0.646156237054879,7.58896966822329,-0.367337505458429
0.70725654970254,12.3538520592822,-2.12295714456798
0.811475375813276,8.00209773258105,-0.365957735687586
0.234717770426274,9.6514183076826,1.66337386703352
0.754364876289276,6.49126218764378,0.391450691666977
1.25288505637184,11.5314103898029,1.96588772725401
1.385953701485,13.1750813787334,-2.39296316850686
1.29688187766909,17.6052186745272,-3.14904768617839
0.717532932519811,7.49956039128763,0.0692290025856099
0.400704090659973,7.95438424098853,0.569289296318323
1.38911055687815,12.3687863700367,2.38687149524085
1.92427747163619,13.0397353303693,2.28059050431133
3.12543917250829,23.8792396535817,3.90598669078024
1.10673983951,18.8809910532045,-3.40261413058023
1.84084088028641,9.74682462374134,-1.44961822391423
1.02948669303584,16.5500222037241,2.86499831790377
0.995016083747616,6.99131760187939,-0.247792930693647
0.864570259250367,10.1371570247129,-1.61319747690095
0.0802838344226434,7.33045344191986,0.269648836261272
0.946561085046791,7.72864209736321,-0.546169587082469
1.4768726998639,16.391829772167,-2.97316289747405
1.00547047514977,10.3046482618739,-1.89090675615426
0.38668228844465,8.31452867908549,-0.151981152938257
1.49560342056444,11.661902886922,1.92460740114455
0.701237711645829,11.0360562772619,1.86947547057662
1.03514487738277,8.14388015197778,-0.475538366959809
1.91735870176681,16.2603641318725,-2.8201477111866
0.557265006723775,7.67678685009625,0.950260674005222
1.47608282639243,17.642025120358,3.1233308597674
2.4512181632259,9.82012013660783,0.994913762843126
0.215193664097188,7.23289557283497,0.115453283093151
0.496986574258223,8.2741184727103,-0.643007640483966
2.15515225853369,39.6047147681612,-5.60033423356891
1.28335872908034,16.0710419881171,2.87821822206733
0.867698974369628,8.77881351663494,1.03645384339076
1.47248740830639,9.97044244883206,-1.58782707408999
0.487998760361658,7.39771014223868,0.376519765850907
1.63393547035586,16.976530232535,2.9100788759298
2.50466090937057,26.2532324385044,-4.16835223839285
0.987085591956249,8.10650357568548,-0.612926526708636
2.58422471612498,13.7496030492468,-2.30603260321263
0.898125395498325,7.80492505263062,-0.428965102666874
2.62677415776487,23.5282049266628,-3.87409044645364
1.02761852546281,7.05641571030913,0.294376948545307
1.34197526279666,9.91095648901281,-1.36821172642266
0.265869725083461,8.02804600466999,0.858547175234981
1.45151003801375,19.3105856066704,-3.35928496895782
1.43516303319923,7.70570893871172,-0.706318326493135
1.4460359029438,8.19026157875407,-0.645742466478305
1.85367993169843,11.8747123527786,-1.87273684778111
2.07107226905025,26.6821425486175,-4.35131143041394
1.22398454330974,16.0315584104719,-2.9914283273558
1.06727693233906,8.06823645141878,0.200537713407711
1.50970904071903,8.48948079986365,0.833102457180954
0.077819950867406,7.50588545639113,0.244885995987254
1.14615044710403,8.09144852095979,-0.887201724563483
2.74745640192339,14.9641025762937,-2.665993339593
1.29423776155769,17.4609963834293,-3.0635340475034
0.592788352143387,8.67024627335503,-1.03104683562726
1.48810751471151,10.9324855184956,1.77599068082993
1.54186651837536,9.43138212848405,1.39187448992125
2.02176551887507,11.8598524124695,1.88644852250678
1.45098274716805,13.1451960918152,2.43474570325717
0.801480090293674,7.5200626300766,-0.53136910313437
0.782686540189912,9.23821927638414,1.11139138326567
0.850316462333417,7.3937272472683,0.176526173777988
1.44807771963971,10.1539525671948,-1.61705434542253
1.00188809226458,8.07202085033695,0.617444231216695
1.70859983631143,11.8732876322991,-2.14580245293951
0.84574782314468,9.03815117746466,-1.10549780629945
0.140382443013251,7.71094974118237,-0.847078723453902
0.152919535929496,7.63776988581633,-0.00901605574461796
1.71255227978919,8.15931353424397,-0.0974767769636015
1.80520510500151,8.9282543980207,-0.672540833025534
0.361155599158275,6.94748796303784,0.151599916395787
-0.547981507282477,7.13030005651433,-0.412797418305215
0.440520588865821,7.05686457647064,-0.128053617316017
0.740970070461031,8.65626399055546,-1.35270985650448
2.01336516646068,22.5786773554922,-3.7856729045525
1.67934135367935,22.6890793605409,3.87266351660109
0.371152708252927,7.38086520500745,-0.150163046868236
0.25884196528364,6.36011785177842,-0.18011766969768
-0.0935153061053434,8.1853841642036,-0.613013622434403
0.437321219654418,7.74041564891898,-0.112738305900139
-0.210082570937658,7.12269651730627,-0.0838109562888755
0.0252886952681723,6.87366546632529,-0.298123438884713
0.690096901907805,7.80440100729604,0.283692234660963
2.66163869672637,24.0769048813194,-3.98700170274866
0.440751496739818,8.55785912289252,-1.25029421973781
1.85464101843869,9.71122274319053,1.21356974731931
1.36377398677918,13.5146766543123,2.29074841791565
1.06539113195114,8.88239858558323,1.11715328709057
1.34578319051663,7.99999685248681,-0.311318141687661
0.926533362650363,8.04538888328294,-0.12689212768574
-0.305034458426871,7.82418192709969,0.0603590859603088
0.451101785684791,7.47380456543887,-0.232864424310446
2.5056846906819,18.8943389925871,-3.28956907712221
1.40453833355301,10.1396367069736,1.43546779233783
2.09296898881899,15.6690847536118,-2.79284660692944
1.27099045079843,11.3234557215037,-1.93580790704872
1.10263370655895,10.1929635354469,-1.62548717842198
0.37291150026243,6.46251955860614,-0.267412696076652
0.515491692449535,6.9920115909897,-0.273067649120246
0.744302989623524,7.52465064029504,0.128155652883092
2.55552744310092,28.0765271801907,4.42247788523254
0.532048168883708,9.35273849247189,-1.50388243116847
1.35974731692504,13.9201756250938,-2.56531786101771
1.06721272495168,7.44668312182477,-0.484635164962164
1.3863044571185,9.45759841014324,1.30000808412377
1.49062148773608,15.5406905716685,-2.79065856623805
1.67243853353283,14.6540205029953,2.68831630862701
0.133891509026245,7.01437918246617,0.14245375849372
1.0550988341866,18.4996436290426,-3.33207799833425
0.582601288165735,8.27330327807536,-0.811356611753404
0.298446862398973,7.54990302833696,0.105524364259164
2.33190106530848,21.0374129850215,3.70291884892872
1.40902789507899,9.14517289943712,1.22849709064305
2.09300607292547,27.3627634771079,-4.38550671205859
0.489311206409065,8.51917301448825,-0.820500845693548
1.32534919235095,21.1469720936755,3.67990403881199
0.810107534081434,9.54072570122636,-1.42853435533389
0.271488659554831,8.09400108264823,-0.473793165220214
1.68710207361621,9.95491456188316,-1.12114549070211
1.93044814115975,12.5118978455919,-2.15818203015
0.607755881964585,10.7270706204644,1.62884707044313
-0.0442212315274951,7.39930205796859,-0.0836961685052678
0.0426230848397714,6.57334161060179,-0.42356171877537
2.16122567397853,15.0061080578127,-2.65258628193327
1.81233074729883,22.9688857188494,3.89871952133595
1.93611805447009,23.9412523667532,-4.01901951488548
-0.0630863564380866,7.54351415943398,0.550860691108441
2.29991095971339,20.3204265363266,3.55193220315263
1.71388211807189,15.5736130263211,2.70663142589954
0.438511388732756,6.8841383661996,-0.392509389529772
-0.146253397404571,7.44087310245025,-0.664648005965172
-0.039826751393559,6.80151788479562,-0.658961334770798
0.675170689178324,7.40130010610795,0.0529057444522044
1.66244477572386,16.3210853914632,2.90121214130447
0.408210040299135,7.65184875847654,0.849667834533077
1.39397594732189,11.9986368921396,-2.08004901696758
2.14595279158345,19.8939188374577,-3.4443842172508
1.16811401513339,12.4176746370974,-2.46087792928902
1.68871345774972,33.3280633750771,-5.06566872331302
1.41520572513906,11.32034085931,-2.03037541586778
1.7966977216582,21.0966151216939,3.66264350361144
-0.00235647684349077,6.85707997706107,0.234754431465518
2.23681965598333,20.4997044636905,3.50027847358202
0.97386438774524,7.72522539701182,-0.165065492466994
0.916592408790817,13.5127492091065,2.44630374727477
1.48705606379665,8.80964622508496,1.12667570644673
0.611327086527745,8.20757522926223,1.13714422837748
1.45741572846521,10.934568243743,-1.82636778458053
1.4684701813531,10.4686525134426,-1.57747625419764
1.88845922936383,14.2089814981636,2.48985689618714
0.555366086730013,8.88878479734036,1.10959045971824
0.530617155629771,7.83630693311934,0.514680396064625
0.628960887434391,8.08589361998784,-0.461724324635499
1.03019777642209,9.00179085086073,-1.33987451050004
0.773354637352848,10.8499937338527,1.94159554847163
0.201379237850171,7.91059866042806,0.804835966202149
2.45823370665714,23.6338895988443,-3.90933666235882
0.88655484458665,8.38232775432037,0.922893298573081
1.22858581679124,7.6879677890519,0.487634618232326
1.1277223801697,9.05453544568507,-1.24433308625635
1.97008563909264,26.9819700791233,-4.2667404552621
0.365252900956543,8.22938620723348,-0.530397803826286
0.622883017121467,11.9031830470754,-1.93869957857805
2.11593828561729,20.712220119358,3.57478138955893
1.11066182371299,9.50663797379598,-1.12951764857285
0.0803663256680962,6.37981061297457,-0.501225007006107
1.14934344894969,7.13699450432404,0.389262473975375
2.1522604996747,45.4084567850073,6.1052288633206
0.199919785195948,10.4012990759875,1.78865812648301
1.12415728332184,9.17939206831319,1.1316243283438
2.15240778928032,14.2819760217165,2.48565824580095
1.72147339193964,19.2643708035918,-3.36867760301678
0.666856382495018,10.3986469681012,-1.90787407596679
1.96959720529905,20.3360642886128,3.4950503504769
1.5751645237552,10.1646450760849,1.33166045870614
0.841861946262776,8.00162397246046,-1.1254714309536
1.51643902069971,27.4372134321906,4.33147729431212
1.3380827673888,8.90732044805075,-1.29237558939841
0.566912763374626,9.59511386002621,1.44096033486119
1.00883720369832,7.83450111546815,-0.350788930083055
0.102607915297152,7.10809552298797,0.0892893091162151
0.88479066435219,15.6536329555617,-2.85302860803888
0.54020530794065,6.89022671931455,0.101648768914257
2.09777466271576,13.6844898318802,-2.16946408403786
1.13498761545653,8.92472686331891,1.10833514315445
0.49824086813113,8.67270791455794,0.870039142199449
1.61577549696547,22.2880487669931,3.6661909577541
0.600535161792216,7.55824575666986,0.26508934633906
0.771185288269937,16.3291670735832,2.9540551768444
0.51373495860308,6.36717053329861,0.602217434351375
0.366989139186683,13.8674764891308,-2.42150016588971
0.0883715973784566,7.68074620562351,-0.516980282559659
0.595688078219134,6.96494373970914,0.00957095770028971
0.353828736500494,7.43936690977271,0.182040482820291
0.325848341325859,6.37537041802341,0.0983526455251077
0.675510265417821,7.97116912319101,0.641355423275003
1.75716829910462,19.3814288989335,-3.39508525256797
0.512969011301292,7.07113402295529,0.225571370389501
1.39185133689584,20.4242826537506,3.50483791292774
0.525797662391737,7.41857722104059,0.455270392329426
2.69049838719705,44.3404504482884,5.92383313141807
0.883135892784848,15.0398116154791,2.84458030069725
1.2946311829121,13.8071727334113,-2.53264481076342
0.913046626014483,9.45975829770526,-1.46195263393884
-0.12380709258822,10.3977669330813,1.76689935488584
1.97546953885884,18.185823008547,3.16048032330456
1.7279306771069,20.1001878164866,3.5298915761091
0.889807428207971,13.3979801149111,2.43495595907493
0.557954646203399,8.07368216945239,-0.615543289096416
1.25780578452076,13.4525298445893,2.38148531340246
1.69691416992653,9.333778339916,1.1527160794122
1.79800153944226,26.9842568014969,-4.31405177763239
0.349433995297234,7.83117236864066,-0.536034405937916
0.36791894787754,7.99230021950351,-0.805460065227444
1.35238698592858,7.54293900657721,-0.608056314733187
0.971799744128393,8.99182202483043,-0.978908181940902
1.45472576773839,13.6694825326583,2.42152973370234
1.54009691082719,15.401149028303,2.88479970831286
-0.501492747906163,7.39847376492559,0.388792379825549
2.29181888675126,14.6230790695578,-2.6185496166891
1.48908827380468,16.5204688530522,-2.88396961511387
-0.0990208080912977,6.88275209858023,0.153219230193758
1.93209878221432,12.8223604869544,-2.41809603410734
1.51995922519589,9.30307981734204,-1.40254154514152
0.0753332712255987,6.12599430522967,0.226952181987124
1.29702182815734,8.48668944536415,1.15104383500956
1.85462092602128,11.3780552642276,-1.72569083225792
1.69581186265167,14.8063656651867,-2.69036947031921
0.798537620821594,9.60092836566536,1.44898594366586
0.612929015206094,8.98061644408504,-1.09078591007717
1.17672911984989,9.83918429000464,-1.48162653675688
1.27451476008256,13.1290695462507,2.33702646963384
2.38280857338792,9.37064660831954,1.04649860766666
1.20611638886673,15.0268810482938,-2.60363077135542
1.76766957739449,14.6525205526601,-2.6176517570802
0.693415914872694,6.46116962259288,-0.386909164344167
1.63534154998818,22.9520226843868,-3.84035707524929
1.89710385660152,7.68143923763925,-0.488794103137655
2.62559696708413,38.6840465857152,5.52225892516866
2.29559933956276,13.6162153283218,2.37502386695306
1.6488087636049,9.47318481984121,-1.12779214563361
1.87102344192319,10.6027010651064,1.54283105585671
2.83542208171271,37.0268266576787,-5.28275557481212
2.36617645406043,12.6861582424081,2.09609296713445
0.723414353367614,7.94888782472817,-0.536384400949147
1.77365913670023,13.1021413154608,-2.38314858558076
1.8484946129443,11.9966144656555,1.5857020746276
1.53579314554905,9.5763182348112,-1.25051294285279
1.49349245748498,8.46784683957902,1.29445139754529
1.68999023206888,11.8838218150472,-2.02134635753034
0.81460368977253,12.3279239512533,2.27435250547403
2.48230617013221,12.0103087941068,1.85691775547766
0.637399234532829,10.7188212089749,-1.81656026854684
0.296824293351436,7.7645889184937,-0.446157502287097
-0.0582375794885109,6.84441642655402,-0.538291674831233
1.1199414619931,10.4080179881625,1.6099182363766
1.36096721603125,9.64248391434566,-1.15889095183769
-0.0645367355839003,5.89113850783787,0.141221718130261
0.740377697117319,9.04900437436909,-0.771653359242028
0.993571567709098,7.33881334994203,-0.500847195321633
1.98400089758393,10.6359892679044,-1.7129667028096
1.35267838299875,9.23572398878203,-1.23894888920283
0.281505671120306,7.39258663686526,-0.0372516114085007
1.36695137653655,16.6852625323496,3.12953901244675
-0.102112781825053,7.57123027330944,-0.324143129112641
1.33571810630763,12.0427089614477,2.29063959287389
1.43137271198614,17.4766541924555,2.93431334227384
0.706784766489981,6.88026893200028,0.402092043820437
0.506954533114607,6.6518940848755,-0.328820966149953
0.78642105287193,6.91435661932213,0.493449492009625
2.00172648171695,19.880742818009,-3.51544136679019
1.44530157373102,24.6506623456868,4.01923791376851
-0.15763089780061,7.14575958009957,-0.313104844392996
0.704485269643181,7.3676414138684,0.704755760406576
1.12355638247408,13.554981036486,2.37908542359915
1.6528726194551,14.2415106501604,-2.63719781068408
1.72466028343635,14.4883589999101,-2.56446964073291
1.42899596650443,20.0072289724097,3.48283661551766
1.52289845122214,8.36482362430015,-0.926244546554057
2.57181016981416,14.2789124381052,-2.42725180857589
0.54770402833728,7.95503585715578,-0.609911089718787
1.71499269286727,11.8828835563722,1.93967638076841
1.30514578775317,11.6855170613465,-2.25514251315008
0.263964660024857,7.88578283922003,-0.424696348795172
0.968805335863619,9.59974483439278,-1.27832323621765
1.03798003981754,9.79363589951321,-1.18566374691626
1.82284983339165,11.110035953086,-1.69543169762525
0.366599557138149,8.14468364514095,-0.219371218662547
0.752558589265724,7.77507267327993,0.534073889921643
0.439598815178719,8.53271099232481,-0.26977920430632
0.84858191034651,12.305680022703,2.09523113741647
2.07279920298542,8.56634145060008,1.05605611307735
0.936168878065674,9.34683785562199,-1.38895298003387
1.04025388129697,7.88695018737183,0.297648505238337
0.187725955282134,8.00938962980188,0.0746527895176301
0.63523161745812,8.52999092707334,-1.47798478534608
0.922757574352092,7.38796352231209,0.636038182416246
1.12455334759835,11.9598986492483,-1.58897219159517
1.21762163673411,7.38098943170555,0.739480266302225
1.14624075434131,7.77749701408439,-0.59286933543036
-0.0175576663315589,8.4221485269016,1.32301556597254
2.91587661430702,17.5020006972954,-3.07195799717617
1.1085050225761,14.7616982869936,-2.64141897876966
0.733856014699745,11.255164084858,-2.12818258094256
0.45813803256991,11.1494871359376,-2.00842265036209
1.77466274612656,8.71386428208288,-1.01224687131363
1.64485881071275,8.79268497834697,0.957453926491063
1.05304325089389,16.0960983492148,-2.80020900666492
1.26496473957993,11.7250842838118,-1.87902452765931
1.0055514288407,8.24474118780454,-0.276118191014681
0.974376715682623,9.55757884414802,1.34663337960375
1.78558162232534,9.94483160963774,-1.15989075357669
1.15728568790029,11.7272338991517,1.89854945201268
1.57093707428987,13.5364443177109,2.40083539222684
1.60447805143233,8.73010857294388,1.08352893416371
0.330437924644984,7.87389530097737,0.93089857194178
1.63091152790859,9.45070173770647,1.5479356257096
1.87881483667673,17.0067003423912,-2.94979566967093
2.74448603520897,25.2531972941849,4.1251917080579
2.25795921337085,22.5325771355688,3.86742533526778
0.730511255014979,7.56163689922281,-0.744413282853746
1.07954190030586,16.2063698839137,2.88518951765396
1.9482192426238,19.8968091442097,-3.38064563371025
1.10448169487008,7.68452044290489,0.969916347859759
1.38479410421079,11.3100068828957,-1.72284635878099
0.292610735387842,7.59223901504054,0.546850236494313
2.1573918682577,15.3997110312382,2.73435125628884
0.506112244496579,10.1084955404217,-1.65704206126824
1.54386436145184,15.6893879625353,-2.88662025008747
0.83412277258185,8.62276480104159,1.21613176416762
1.76328366860193,21.5485064588496,-3.66958349331486
2.67690900666385,28.642895166522,4.43475520832142
1.74598914611871,22.4639967470276,3.81447285838149
0.459693054954448,10.2031583011244,1.97704146025789
1.66333293123554,10.4853475669711,1.79691274070824
1.71145243219917,21.6939461496972,3.67395913498248
1.62656943927228,11.0658764327837,1.71062126224813
2.06386711769637,9.16497334691252,0.8065348228975
1.10427995353657,9.77987514057486,-1.34318011647946
0.674032823378001,10.8125370390523,1.5406716725679
0.842529274159368,7.87301323702336,0.921537986626483
0.579141958750406,10.6310931616538,-1.6946313583611
1.27467628818573,9.00211122457605,1.33090999687223
0.331400172475909,8.33057579846944,-0.994920851854665
1.12419804956446,9.18423238170818,-1.05279709201209
0.947733399195134,6.61006637734564,-0.24312274660177
1.11793855444769,9.60463116202011,1.57323788166358
1.81681313271012,10.5767188202736,-1.7712007393262
2.20890775257657,14.7394603860702,-2.72082222821284
1.15705317545062,10.5665547965033,-1.58643044695801
1.08251056150628,8.26319314007405,0.780797207192783
0.497158020102606,12.594623362999,-2.17794436295878
1.44783028460225,10.6530055006179,-1.73209943293178
1.96244185098052,9.99078612728205,1.04153068381163
0.984416320130545,8.3418346236416,0.670214278994907
0.58154947048254,7.21192774590432,0.220903365597932
1.82461762092185,12.4242865215205,-2.05756792021065
